{
    "boxes": [
        {
            "size_id": "A1",
            "dimensions": [
                0.254,
                0.178,
                0.083
            ]
        },
        {
            "size_id": "1AD",
            "dimensions": [
                0.343,
                0.241,
                0.089
            ]
        },
        {
            "size_id": "1A5",
            "dimensions": [
                0.343,
                0.279,
                0.121
            ]
        },
        {
            "size_id": "1B2",
            "dimensions": [
                0.394,
                0.330,
                0.089
            ]
        },
        {
            "size_id": "K3",
            "dimensions": [
                0.495,
                0.330,
                0.159
            ]
        }
    ]
}
 
